Testcase_Name,kit,DateTime,Tool,syn_Cell_Count,syn_REG2REG_TNS,syn_REG2REG_WNS,syn_REG2REG_critical_path_len,syn_REG2REG_total_hold_viol,syn_REG2REG_total_neg_slack,syn_REG2REG_worst_hold_violation,syn_REG2REG_worst_setup_viol,syn_cpu_runtime,syn_max_cap_viols,syn_max_fanout_viols,syn_max_trans_viols,syn_pvt,syn_tool_version,apr_Cell_Count,apr_DRC,apr_DRC_Violations,apr_Memory,apr_Power_Internal,apr_Power_Leakage,apr_Power_Switching,apr_Power_Total,apr_REG2REG_TNS,apr_REG2REG_WNS,apr_REG2REG_critical_path_len,apr_REG2REG_total_hold_viol,apr_REG2REG_total_neg_slack,apr_REG2REG_worst_hold_violation,apr_REG2REG_worst_setup_viol,apr_Run_Time,apr_Shorts,apr_cpu_runtime,apr_cts_max_global_skew,apr_max_cap_viols,apr_max_fanout_viols,apr_max_trans_viols,apr_pvt,apr_tool_version,apr_utilization,calibre_drcc,drc_IPall,drc_IPall_Peak_Memory,drc_IPall_Runtime,drc_denall,drc_denall_reuse_Peak_Memory,drc_denall_reuse_Runtime,drc_drcd,drc_drcd_Peak_Memory,drc_drcd_Runtime,drc_tool_version,drc_total_viols,drc_trclvs,drc_trclvs_Peak_Memory,drc_trclvs_Runtime,calibre_HV,calibre_denall_reuse,calibre_gden,calibre_lvs,pv_max_pvt,pv_max_tttt_Cell_Count,pv_max_tttt_REG2REG_critical_path_len,pv_max_tttt_REG2REG_total_neg_slack,pv_max_tttt_REG2REG_worst_setup_viol,pv_max_tttt_run_time,pv_max_tttt_tool_version,pv_min_pvt,pv_min_tttt_Cell_Count,pv_min_tttt_REG2REG_critical_path_len,pv_min_tttt_REG2REG_total_neg_slack,pv_min_tttt_REG2REG_worst_setup_viol,pv_min_tttt_run_time,pv_min_tttt_tool_version,pv_power_pvt,pv_power_tttt_internal,pv_power_tttt_leakage,pv_power_tttt_run_time,pv_power_tttt_switch,pv_power_tttt_total,pv_noise_pvt,pv_noise_tttt_Cell_Count,pv_noise_tttt_max_fanout_viols,pv_noise_tttt_max_trans_viols,pv_noise_tttt_run_time,pv_noise_tttt_tool_version,sta_Cell_Count,sta_Run_Time,sta_max_cap_viols,sta_max_trans_viols,sta_max_tttt_REG2REG_TNS,sta_max_tttt_REG2REG_worst_setup_viols,sta_min_tttt_REG2REG_TNS,sta_min_tttt_REG2REG_worst_hold_viols
cpu_testcase,d04,2015-05-04 19:52:52.679325,synopsys,1437,	,	,1725.867,0.000,0.000,0.000,94.193,297.755,0,	,0,3x1r6u1_psss_0.75v_-10c_ccst ,J-2014.09,1506,15,	,4340(MB),	,	,	,	,	,	,1581.52,0.00,0.00,0.00,226.85,	,	,459.21,7.15639,0,	,0,3x1r6u1_psss_0.75v_-10c_ccst 3x1r6u1_pfff_1.1v_-40c_ccst 3x1r6u1_psss_0.75v_-10c_nldm ,J-2014.09-SP1,13.71% ,	,PASS,984(Mb),0:28:50,37 (NB),1008(Mb),0:29:09,PASS,1090(Mb),0:27:53,J-2014.06.SP2.HF1.4045,0,PASS,972(Mb),0:24:54,	,	,	,	,3x1r6u1_psss_0.75v_-10c_ccst 3x1r6u1_psss_0.75v_-10c_nldm ,1508,1816.16,0.00,118.94,0.00611111111111,J-2014.06-SP2,3x1r6u1_pfff_1.1v_-40c_ccst 3x1r6u1_pfff_1.1v_-40c_nldm ,1508,111.20,0.00,27.60,0.00527777777778,J-2014.06-SP2,3x1r6u1_tttt_1.1v_90c_ccst_pwr_pincap 3x1r6u1_tttt_1.1v_90c_nldm_pwr_pincap ,4.735,4.455,0.000833333333333,2.803,7.983,3x1r6u1_pfff_0.88v_110c_ccsn 3x1r6u1_pfff_0.88v_110c_nldm ,1508,	,	,0.000833333333333,J-2014.06-SP2,	,	,	,	,	,	,	,	
cpu_testcase_scan,d04,2015-05-04 19:58:31.741228,synopsys,1447,	,	,1794.449,0.000,0.000,0.000,23.700,391.004,0,	,1,3x1r6u1_psss_0.75v_-10c_ccst ,J-2014.09,1532,28,	,4332(MB),	,	,	,	,	,	,1706.70,0.00,0.00,0.00,121.39,	,	,388.26,8.08344,0,	,0,3x1r6u1_psss_0.75v_-10c_ccst 3x1r6u1_pfff_1.1v_-40c_ccst 3x1r6u1_psss_0.75v_-10c_nldm ,J-2014.09-SP1,13.86% ,	,PASS,1028(Mb),0:02:47,37 (NB),931(Mb),0:01:47,PASS,1060(Mb),0:04:19,J-2014.06.SP2.HF1.4045,0,PASS,1034(Mb),0:02:10,	,	,	,	,3x1r6u1_psss_0.75v_-10c_ccst 3x1r6u1_psss_0.75v_-10c_nldm ,1533,2000.27,-19.33,-19.33,0.0122222222222,J-2014.06-SP2,3x1r6u1_pfff_1.1v_-40c_ccst 3x1r6u1_pfff_1.1v_-40c_nldm ,1533,98.69,0.00,16.14,0.0122222222222,J-2014.06-SP2,3x1r6u1_tttt_1.1v_90c_ccst_pwr_pincap 3x1r6u1_tttt_1.1v_90c_nldm_pwr_pincap ,9.824,4.752,0.00166666666667,5.122,1.542,3x1r6u1_pfff_0.88v_110c_ccsn 3x1r6u1_pfff_0.88v_110c_nldm ,1533,3,	,	,0.00138888888889,J-2014.06-SP2,	,	,	,	,	,	,	,	
fdkex_SCAN,d04,2015-05-04 19:59:18.025856,synopsys,37254,	,	,381.490,0.000,-4.081,0.000,-0.505,1199.843,0,45,34,3x1r6u1_psss_0.75v_-10c_ccst ,J-2014.09,	,	,	,	,	,	,	,	,	,	,	,	,	,	,	,	,	,	,64.02939,	,	,	,3x1r6u1_psss_0.75v_-10c_ccst 3x1r6u1_pfff_1.1v_-40c_ccst 3x1r6u1_psss_0.75v_-10c_nldm ,	,	,	,	,	,	,	,	,	,	,	,	,	,0,	,	,	,	,	,	,	,	,	,	,	,	,	,	,	,	,	,	,	,	,	,	,	,	,	,	,	,	,	,	,	,	,	,	,	,	,	,	,	,	,	
dhm_single_supply_single_va,d04,2015-05-04 20:42:14.228488,synopsys,2202,	,	,560.022,-10851.258,0.000,-99.403,0.071,330.029,0,	,0,3x1r6u1_psss_0.75v_-10c_ccst ,J-2014.09,5770,28,	,4774(MB),	,	,	,	,	,	,632.37,-4757.80,-826.85,-119.24,-26.58,	,	,15822.58,15.22757,0,45,1,3x1r6u1_psss_0.75v_-10c_ccst 3x1r6u1_pfff_1.1v_-40c_ccst 3x1r6u1_psss_0.75v_-10c_nldm ,J-2014.09-SP1,8.95% ,	,PASS,905(Mb),0:09:32,164501,743(Mb),0:06:36,2336201,1013(Mb),0:14:20,J-2014.06.SP2.HF1.4045,2500702,PASS,911(Mb),0:07:42,	,	,	,	,3x1r6u1_psss_0.75v_-10c_ccst 3x1r6u1_psss_0.75v_-10c_nldm ,5773,869.47,-195.42,-12.26,	,J-2014.06-SP2,3x1r6u1_pfff_1.1v_-40c_ccst 3x1r6u1_pfff_1.1v_-40c_nldm ,5773,142.42,-6152.78,-139.24,	,J-2014.06-SP2,3x1r6u1_tttt_1.1v_90c_ccst_pwr_pincap 3x1r6u1_tttt_1.1v_90c_nldm_pwr_pincap ,1.855,1.828,	,1.140,3.177,3x1r6u1_pfff_0.88v_110c_ccsn 3x1r6u1_pfff_0.88v_110c_nldm ,5773,42,	,	,J-2014.06-SP2,	,	,	,	,	,	,	,	
dhm,d04,2015-05-04 20:56:15.999657,synopsys,2073,	,	,584.529,-26394.820,0.000,-97.911,88.267,528.361,0,	,0,3x1r6u1_psss_0.75v_110c_ccst 3x1r6u1_psss_0.94v_110c_ccst ,J-2014.09,4324,24,	,5880(MB),	,	,	,	,	,	,659.43,-56.04,-30.56,-40.61,-10.00,	,	,514.21,15.68274,1,50,2,3x1r6u1_psss_0.75v_110c_ccst 3x1r6u1_pfff_0.88v_110c_ccst 3x1r6u1_psss_0.94v_110c_ccst 3x1r6u1_pfff_1.1v_110c_ccst 3x1r6u1_psss_0.75v_110c_nldm 3x1r6u1_psss_0.94v_110c_nldm ,J-2014.09-SP1,8.85% ,	,PASS,1847(Mb),0:05:39,4829,2514(Mb),1760(Mb),0:05:07,0:02:49,1,2606(Mb),1808(Mb),0:15:34,0:13:37,J-2014.06.SP2.HF1.4045,4830,PASS,1776(Mb),0:03:39,	,	,	,	,	,	,	,	,	,	,	,	,	,	,	,	,	,	,	,	,	,	,	,	,	,	,	,	,	,	,	,	,	,	,	,	,	,	
dhm_retention,d04,2015-05-04 21:39:35.357567,synopsys,2156,	,	,576.887,-6984.058,0.000,-95.537,0.277,523.509,0,	,2,3x1r6u1_psss_0.75v_-10c_ccst ,J-2014.09,5695,47,	,4944(MB),	,	,	,	,	,	,631.34,-3662.56,-875.60,-107.45,-26.08,	,	,19897.71,17.12430,7,49,4,3x1r6u1_psss_0.75v_-10c_ccst 3x1r6u1_pfff_1.1v_-40c_ccst 3x1r6u1_psss_0.75v_-10c_nldm ,J-2014.09-SP1,9.79% ,	,PASS,963(Mb),0:04:25,164173,788(Mb),0:02:55,2339129,1102(Mb),0:08:11,J-2014.06.SP2.HF1.4045,2503302,PASS,887(Mb),0:03:13,	,	,	,	,	,	,	,	,	,	,	,	,	,	,	,	,	,	,	,	,	,	,	,	,	,	,	,	,	,	,	,	,	,	,	,	,	,	
mult_1bit_clkUncertainty,d04,2015-05-04 21:46:07.432770,synopsys,12,	,	,206.218,-1028.415,0.000,-357.650,601.317,293.862,0,	,0,3x1r6u1_psss_0.75v_-10c_ccst ,J-2014.09,37,0,	,4117(MB),	,	,	,	,	,	,833.37,0.00,0.00,0.00,476.23,	,	,468.25,0.33746,0,	,0,3x1r6u1_psss_0.75v_-10c_ccst 3x1r6u1_pfff_1.1v_-40c_ccst 3x1r6u1_psss_0.75v_-10c_nldm ,J-2014.09-SP1,0.89% ,	,PASS,910(Mb),0:05:39,16 (NB),630(Mb),0:04:21,PASS,1005(Mb),0:07:17,J-2014.06.SP2.HF1.4045,0,PASS,635(Mb),0:04:22,	,	,	,	,3x1r6u1_psss_0.75v_-10c_ccst 3x1r6u1_psss_0.75v_-10c_nldm ,39,901.35,0.00,457.57,0.0025,J-2014.06-SP2,3x1r6u1_pfff_1.1v_-40c_ccst 3x1r6u1_pfff_1.1v_-40c_nldm ,39,235.31,0.00,200.53,0.00194444444444,J-2014.06-SP2,3x1r6u1_tttt_1.1v_90c_ccst_pwr_pincap 3x1r6u1_tttt_1.1v_90c_nldm_pwr_pincap ,4.790,4.042,0.00138888888889,2.726,7.557,3x1r6u1_pfff_0.88v_110c_ccsn 3x1r6u1_pfff_0.88v_110c_nldm ,39,	,	,0.00111111111111,J-2014.06-SP2,	,	,	,	,	,	,	,	
mult_1bit_default,d04,2015-05-04 21:51:52.682292,synopsys,12,	,	,205.387,0.000,0.000,0.000,1103.011,478.850,0,	,0,3x1r6u1_psss_0.75v_-10c_ccst ,J-2014.09,17,0,	,4117(MB),	,	,	,	,	,	,249.07,0.00,0.00,0.00,1058.81,	,	,326.23,0.20573,0,	,0,3x1r6u1_psss_0.75v_-10c_ccst 3x1r6u1_pfff_1.1v_-40c_ccst 3x1r6u1_psss_0.75v_-10c_nldm ,J-2014.09-SP1,0.53% ,	,PASS,941(Mb),0:03:37,16 (NB),624(Mb),0:02:47,PASS,1078(Mb),0:05:04,J-2014.06.SP2.HF1.4045,0,PASS,931(Mb),0:03:12,	,	,	,	,	,	,	,	,	,	,	,	,	,	,	,	,	,	,	,	,	,	,	,	,	,	,	,	,	,	,	,	,	,	,	,	,	,	
mult_1bit_diode,d04,2015-05-04 21:58:25.748594,synopsys,12,	,	,206.218,-1028.415,0.000,-357.650,601.317,651.793,0,	,0,3x1r6u1_psss_0.75v_-10c_ccst ,J-2014.09,46,2,	,3766(MB),	,	,	,	,	,	,841.41,-780.49,-20.22,-266.13,-12.01,	,	,1051.59,0.32021,0,	,0,3x1r6u1_psss_0.75v_-10c_ccst 3x1r6u1_pfff_1.1v_-40c_ccst 3x1r6u1_psss_0.75v_-10c_nldm ,J-2014.09-SP1,1.05% ,	,PASS,949(Mb),0:11:39,16 (NB),631(Mb),0:08:06,PASS,1024(Mb),0:15:49,J-2014.06.SP2.HF1.4045,0,PASS,933(Mb),0:10:06,	,	,	,	,3x1r6u1_psss_0.75v_-10c_ccst 3x1r6u1_psss_0.75v_-10c_nldm ,48,974.97,-34.10,-18.29,0.00694444444444,J-2014.06-SP2,3x1r6u1_pfff_1.1v_-40c_ccst 3x1r6u1_pfff_1.1v_-40c_nldm ,48,247.59,-786.31,-267.53,0.00472222222222,J-2014.06-SP2,3x1r6u1_tttt_1.1v_90c_ccst_pwr_pincap 3x1r6u1_tttt_1.1v_90c_nldm_pwr_pincap ,5.117,2.780,0.000555555555556,2.927,8.322,3x1r6u1_pfff_0.88v_110c_ccsn 3x1r6u1_pfff_0.88v_110c_nldm ,48,	,	,0.000833333333333,J-2014.06-SP2,	,	,	,	,	,	,	,	
mult_1bit_focalopt,d04,2015-05-04 22:06:31.181133,synopsys,12,	,	,206.218,-1028.415,0.000,-357.650,601.317,554.415,0,	,0,3x1r6u1_psss_0.75v_-10c_ccst ,J-2014.09,42,0,	,4263(MB),	,	,	,	,	,	,919.64,-763.11,0.00,-275.77,0.63,	,	,479.82,0.19816,0,	,0,3x1r6u1_psss_0.75v_-10c_ccst 3x1r6u1_pfff_1.1v_-40c_ccst 3x1r6u1_psss_0.75v_-10c_nldm ,J-2014.09-SP1,0.59% ,	,PASS,946(Mb),0:03:36,25 (NB),761(Mb),0:02:47,PASS,1035(Mb),0:06:24,J-2014.06.SP2.HF1.4045,0,PASS,924(Mb),0:03:18,	,	,	,	,3x1r6u1_psss_0.75v_-10c_ccst 3x1r6u1_psss_0.75v_-10c_nldm ,44,884.09,-5.36,-5.27,0.00277777777778,J-2014.06-SP2,3x1r6u1_pfff_1.1v_-40c_ccst 3x1r6u1_pfff_1.1v_-40c_nldm ,44,239.57,-775.43,-282.36,0.00333333333333,J-2014.06-SP2,3x1r6u1_tttt_1.1v_90c_ccst_pwr_pincap 3x1r6u1_tttt_1.1v_90c_nldm_pwr_pincap ,5.080,1.252,0.000277777777778,2.799,8.004,3x1r6u1_pfff_0.88v_110c_ccsn 3x1r6u1_pfff_0.88v_110c_nldm ,44,	,	,0.000277777777778,J-2014.06-SP2,	,	,	,	,	,	,	,	
mult_1bit_noScanFlop,d04,2015-05-04 22:11:51.956207,synopsys,12,	,	,211.103,0.000,0.000,0.000,1139.785,467.225,0,	,0,3x1r6u1_psss_0.75v_-10c_ccst ,J-2014.09,17,0,	,4121(MB),	,	,	,	,	,	,264.27,0.00,0.00,0.00,1088.03,	,	,305.88,0.27627,0,	,0,3x1r6u1_psss_0.75v_-10c_ccst 3x1r6u1_pfff_1.1v_-40c_ccst 3x1r6u1_psss_0.75v_-10c_nldm ,J-2014.09-SP1,0.24% ,	,PASS,966(Mb),0:03:00,25 (NB),738(Mb),0:02:16,PASS,1051(Mb),0:04:47,J-2014.06.SP2.HF1.4045,0,PASS,924(Mb),0:02:39,	,	,	,	,	,	,	,	,	,	,	,	,	,	,	,	,	,	,	,	,	,	,	,	,	,	,	,	,	,	,	,	,	,	,	,	,	,	
mult_1bit_rectilinear,d04,2015-05-04 22:17:41.722180,synopsys,12,	,	,206.218,-1028.415,0.000,-357.650,601.317,469.225,0,	,0,3x1r6u1_psss_0.75v_-10c_ccst ,J-2014.09,41,0,	,4127(MB),	,	,	,	,	,	,907.24,-786.76,0.00,-275.00,1.91,	,	,314.65,0.29278,0,	,0,3x1r6u1_psss_0.75v_-10c_ccst 3x1r6u1_pfff_1.1v_-40c_ccst 3x1r6u1_psss_0.75v_-10c_nldm ,J-2014.09-SP1,1.07% ,	,PASS,942(Mb),0:03:06,15,641(Mb),0:02:19,PASS,1109(Mb),0:04:28,J-2014.06.SP2.HF1.4045,15,PASS,947(Mb),0:02:55,	,	,	,	,3x1r6u1_psss_0.75v_-10c_ccst 3x1r6u1_psss_0.75v_-10c_nldm ,43,960.58,-2.23,-2.23,0.00277777777778,J-2014.06-SP2,3x1r6u1_pfff_1.1v_-40c_ccst 3x1r6u1_pfff_1.1v_-40c_nldm ,43,237.19,-794.33,-277.55,0.0025,J-2014.06-SP2,3x1r6u1_tttt_1.1v_90c_ccst_pwr_pincap 3x1r6u1_tttt_1.1v_90c_nldm_pwr_pincap ,4.986,2.110,0.000833333333333,2.773,7.970,3x1r6u1_pfff_0.88v_110c_ccsn 3x1r6u1_pfff_0.88v_110c_nldm ,43,	,	,0.000833333333333,J-2014.06-SP2,	,	,	,	,	,	,	,	
mult_1bit_sdc,d04,2015-05-04 22:23:53.775382,synopsys,12,	,	,205.387,0.000,0.000,0.000,1103.011,379.668,0,	,0,3x1r6u1_psss_0.75v_-10c_ccst ,J-2014.09,17,0,	,4119(MB),	,	,	,	,	,	,247.17,0.00,0.00,0.00,1064.41,	,	,222.71,0.15527,0,	,0,3x1r6u1_psss_0.75v_-10c_ccst 3x1r6u1_pfff_1.1v_-40c_ccst 3x1r6u1_psss_0.75v_-10c_nldm ,J-2014.09-SP1,0.30% ,	,PASS,940(Mb),0:02:18,25 (NB),682(Mb),0:01:40,PASS,1065(Mb),0:03:27,J-2014.06.SP2.HF1.4045,0,PASS,924(Mb),0:01:50,	,	,	,	,3x1r6u1_psss_0.75v_-10c_ccst 3x1r6u1_psss_0.75v_-10c_nldm ,19,303.91,0.00,1054.32,0.00222222222222,J-2014.06-SP2,3x1r6u1_pfff_1.1v_-40c_ccst 3x1r6u1_pfff_1.1v_-40c_nldm ,19,65.80,0.00,44.57,0.00222222222222,J-2014.06-SP2,3x1r6u1_tttt_1.1v_90c_ccst_pwr_pincap 3x1r6u1_tttt_1.1v_90c_nldm_pwr_pincap ,4.416,3.075,0.000833333333333,2.548,6.994,3x1r6u1_pfff_0.88v_110c_ccsn 3x1r6u1_pfff_0.88v_110c_nldm ,19,	,	,0.00138888888889,J-2014.06-SP2,	,	,	,	,	,	,	,	
mult_1bit_spareCell,d04,2015-05-04 22:28:56.936695,synopsys,12,	,	,206.218,-1028.415,0.000,-357.650,601.317,461.613,0,	,0,3x1r6u1_psss_0.75v_-10c_ccst ,J-2014.09,49,1,	,4116(MB),	,	,	,	,	,	,879.60,-796.90,-10.31,-277.96,-10.31,	,	,294.60,0.33746,0,	,0,3x1r6u1_psss_0.75v_-10c_ccst 3x1r6u1_pfff_1.1v_-40c_ccst 3x1r6u1_psss_0.75v_-10c_nldm ,J-2014.09-SP1,1.04% ,	,PASS,917(Mb),0:03:09,16 (NB),634(Mb),0:02:09,PASS,1048(Mb),0:04:25,J-2014.06.SP2.HF1.4045,0,PASS,948(Mb),0:02:38,	,	,	,	,	,	,	,	,	,	,	,	,	,	,	,	,	,	,	,	,	,	,	,	,	,	,	,	,	,	,	,	,	,	,	,	,	,	
mult_1bit_spg,d04,2015-05-04 22:34:19.027901,synopsys,12,	,	,297.002,0.000,0.000,0.000,991.409,818.883,3,	,3,3x1r6u1_psss_0.75v_-10c_ccst ,J-2014.09,20,0,	,3765(MB),	,	,	,	,	,	,229.36,0.00,0.00,0.00,1086.80,	,	,484.28,0.18446,0,	,0,3x1r6u1_psss_0.75v_-10c_ccst 3x1r6u1_pfff_1.1v_-40c_ccst 3x1r6u1_psss_0.75v_-10c_nldm ,J-2014.09-SP1,0.30% ,	,PASS,941(Mb),0:05:59,25 (NB),737(Mb),0:04:15,PASS,1065(Mb),0:08:29,J-2014.06.SP2.HF1.4045,0,PASS,923(Mb),0:05:15,	,	,	,	,	,	,	,	,	,	,	,	,	,	,	,	,	,	,	,	,	,	,	,	,	,	,	,	,	,	,	,	,	,	,	,	,	,	
fdkex_mcmm,d04,2015-05-04 23:06:05.204499,synopsys,37476,	,	,810.160,501.580,0.000,-23081.223,-12.374,0.000,0.000,-22.702,-9.180,411.736,2568.893,0,26,23,3x1r6u1_psss_0.75v_-10c_ccst 3x1r6u1_pfff_0.88v_110c_ccst ,J-2014.09,38513,164,	,6132(MB),	,	,	,	,	,	,909.27,0.00,0.00,-4.37,-32.95,0.00,0.00,-3.62,-19.67,0.00,	,	,5351.45,	,0,683,6,3x1r6u1_psss_0.75v_-10c_ccst 3x1r6u1_pfff_0.88v_110c_ccst 3x1r6u1_psss_0.75v_-10c_nldm 3x1r6u1_pfff_0.88v_110c_nldm ,J-2014.09-SP1,40.99% ,	,PASS,1223(Mb),0:09:02,43377 (NB),1154(Mb),0:03:57,486939 (NB),1233(Mb),0:22:21,J-2014.06.SP2.HF1.4045,0,PASS,1348(Mb),0:04:34,	,	,	,	,	,	,	,	,	,	,	,	,	,	,	,	,	,	,	,	,	,	,	,	,	,	,	,	,	,	,	,	,	,	,	,	,	,	
mult_1bit_congestion,d04,2015-05-04 23:10:56.983674,synopsys,12,	,	,212.965,0.000,0.000,0.000,1103.753,567.523,3,	,3,3x1r6u1_psss_0.75v_-10c_ccst ,J-2014.09,20,0,	,4123(MB),	,	,	,	,	,	,229.36,0.00,0.00,0.00,1086.80,	,	,300.23,0.18446,0,	,0,3x1r6u1_psss_0.75v_-10c_ccst 3x1r6u1_pfff_1.1v_-40c_ccst 3x1r6u1_psss_0.75v_-10c_nldm ,J-2014.09-SP1,0.30% ,	,PASS,944(Mb),0:03:48,25 (NB),720(Mb),0:02:51,PASS,1109(Mb),0:05:27,J-2014.06.SP2.HF1.4045,0,PASS,922(Mb),0:03:13,	,	,	,	,	,	,	,	,	,	,	,	,	,	,	,	,	,	,	,	,	,	,	,	,	,	,	,	,	,	,	,	,	,	,	,	,	,	
mult_1bit_ddc,d04,2015-05-04 23:15:58.846858,synopsys,12,	,	,205.387,0.000,0.000,0.000,1103.011,485.642,0,	,0,3x1r6u1_psss_0.75v_-10c_ccst ,J-2014.09,17,0,	,3765(MB),	,	,	,	,	,	,245.44,0.00,0.00,0.00,1067.23,	,	,816.28,0.09142,0,	,0,3x1r6u1_psss_0.75v_-10c_ccst 3x1r6u1_pfff_1.1v_-40c_ccst 3x1r6u1_psss_0.75v_-10c_nldm ,J-2014.09-SP1,0.30% ,	,PASS,928(Mb),0:03:32,25 (NB),736(Mb),0:02:47,PASS,1072(Mb),0:05:55,J-2014.06.SP2.HF1.4045,0,PASS,949(Mb),0:03:29,	,	,	,	,	,	,	,	,	,	,	,	,	,	,	,	,	,	,	,	,	,	,	,	,	,	,	,	,	,	,	,	,	,	,	,	,	,	
mult_1bit_hfn,d04,2015-05-04 23:21:07.074677,synopsys,12,	,	,205.387,0.000,0.000,0.000,1103.011,600.638,0,	,0,3x1r6u1_psss_0.75v_-10c_ccst ,J-2014.09,17,0,	,3769(MB),	,	,	,	,	,	,247.17,0.00,0.00,0.00,1064.41,	,	,486.26,0.15527,0,	,0,3x1r6u1_psss_0.75v_-10c_ccst 3x1r6u1_pfff_1.1v_-40c_ccst 3x1r6u1_psss_0.75v_-10c_nldm ,J-2014.09-SP1,0.30% ,	,PASS,961(Mb),0:04:36,25 (NB),731(Mb),0:03:20,PASS,1064(Mb),0:07:04,J-2014.06.SP2.HF1.4045,0,PASS,924(Mb),0:03:52,	,	,	,	,	,	,	,	,	,	,	,	,	,	,	,	,	,	,	,	,	,	,	,	,	,	,	,	,	,	,	,	,	,	,	,	,	,	
mult_1bit_dynamic_power,d04,2015-05-04 23:25:49.372904,synopsys,12,	,	,205.387,0.000,0.000,0.000,1103.011,300.903,0,	,0,3x1r6u1_psss_0.75v_-10c_ccst ,J-2014.09,17,0,	,4115(MB),	,	,	,	,	,	,240.39,0.00,0.00,0.00,1074.51,	,	,255.45,0.13404,0,	,0,3x1r6u1_psss_0.75v_-10c_ccst 3x1r6u1_pfff_1.1v_-40c_ccst 3x1r6u1_psss_0.75v_-10c_nldm ,J-2014.09-SP1,0.30% ,	,PASS,894(Mb),0:13:47,25 (NB),771(Mb),0:11:58,PASS,1027(Mb),0:20:56,J-2014.06.SP2.HF1.4045,0,PASS,904(Mb),0:13:55,	,	,	,	,	,	,	,	,	,	,	,	,	,	,	,	,	,	,	,	,	,	,	,	,	,	,	,	,	,	,	,	,	,	,	,	,	,	
mult_1bit_layer_promo,d04,2015-05-04 23:31:42.833247,synopsys,12,	,	,205.387,0.000,0.000,0.000,1103.011,478.466,0,	,0,3x1r6u1_psss_0.75v_-10c_ccst ,J-2014.09,17,0,	,3765(MB),	,	,	,	,	,	,247.17,0.00,0.00,0.00,1064.41,	,	,336.54,0.15527,0,	,0,3x1r6u1_psss_0.75v_-10c_ccst 3x1r6u1_pfff_1.1v_-40c_ccst 3x1r6u1_psss_0.75v_-10c_nldm ,J-2014.09-SP1,0.30% ,	,PASS,937(Mb),0:03:13,25 (NB),737(Mb),0:02:28,PASS,1072(Mb),0:04:55,J-2014.06.SP2.HF1.4045,0,PASS,924(Mb),0:02:54,	,	,	,	,	,	,	,	,	,	,	,	,	,	,	,	,	,	,	,	,	,	,	,	,	,	,	,	,	,	,	,	,	,	,	,	,	,	
mult_1bit_rc_driver_receiver_mode,d04,2015-05-04 23:37:41.808141,synopsys,12,	,	,205.387,0.000,0.000,0.000,1103.011,382.228,0,	,0,3x1r6u1_psss_0.75v_-10c_ccst ,J-2014.09,17,0,	,4127(MB),	,	,	,	,	,	,247.17,0.00,0.00,0.00,1064.41,	,	,282.90,0.15527,0,	,0,3x1r6u1_psss_0.75v_-10c_ccst 3x1r6u1_pfff_1.1v_-40c_ccst 3x1r6u1_psss_0.75v_-10c_nldm ,J-2014.09-SP1,0.30% ,	,PASS,917(Mb),0:03:14,25 (NB),682(Mb),0:02:22,PASS,1030(Mb),0:04:32,J-2014.06.SP2.HF1.4045,0,PASS,925(Mb),0:02:52,	,	,	,	,3x1r6u1_psss_0.75v_-10c_ccst 3x1r6u1_psss_0.75v_-10c_nldm ,19,303.91,0.00,1054.32,0.0025,J-2014.06-SP2,3x1r6u1_pfff_1.1v_-40c_ccst 3x1r6u1_pfff_1.1v_-40c_nldm ,19,65.80,0.00,44.57,0.0025,J-2014.06-SP2,3x1r6u1_tttt_1.1v_90c_ccst_pwr_pincap 3x1r6u1_tttt_1.1v_90c_nldm_pwr_pincap ,4.416,3.075,0.000277777777778,2.548,6.994,3x1r6u1_pfff_0.88v_110c_ccsn 3x1r6u1_pfff_0.88v_110c_nldm ,19,	,	,0.00111111111111,J-2014.06-SP2,	,	,	,	,	,	,	,	
mult_1bit_AOCVM,d04,2015-05-04 23:43:53.412297,synopsys,12,	,	,205.387,0.000,0.000,0.000,1103.011,278.049,0,	,0,3x1r6u1_psss_0.75v_-10c_ccst ,J-2014.09,17,0,	,3759(MB),	,	,	,	,	,	,248.31,0.00,0.00,0.00,1059.70,	,	,213.84,0.20573,0,	,0,3x1r6u1_psss_0.75v_-10c_ccst 3x1r6u1_pfff_1.1v_-40c_ccst 3x1r6u1_psss_0.75v_-10c_nldm ,J-2014.09-SP1,0.53% ,	,PASS,911(Mb),0:10:47,16 (NB),608(Mb),0:09:20,PASS,1021(Mb),0:10:59,J-2014.06.SP2.HF1.4045,0,PASS,655(Mb),0:08:44,	,	,	,	,3x1r6u1_psss_0.75v_-10c_ccst 3x1r6u1_psss_0.75v_-10c_nldm ,19,346.05,0.00,1004.12,0.00222222222222,J-2014.06-SP2,3x1r6u1_pfff_1.1v_-40c_ccst 3x1r6u1_pfff_1.1v_-40c_nldm ,19,63.12,0.00,41.60,0.00194444444444,J-2014.06-SP2,	,	,	,	,	,	,	,	,	,	,	,	,	,	,	,	,	,	,	,	
mult_1bit_gen_ILM,d04,2015-05-04 23:50:03.162269,synopsys,12,	,	,205.387,0.000,0.000,0.000,1103.011,290.282,0,	,0,3x1r6u1_psss_0.75v_-10c_ccst ,J-2014.09,17,0,	,4117(MB),	,	,	,	,	,	,247.17,0.00,0.00,0.00,1064.41,	,	,231.97,0.15527,0,	,0,3x1r6u1_psss_0.75v_-10c_ccst 3x1r6u1_pfff_1.1v_-40c_ccst 3x1r6u1_psss_0.75v_-10c_nldm ,J-2014.09-SP1,0.30% ,	,PASS,897(Mb),0:06:14,25 (NB),723(Mb),0:04:58,PASS,1044(Mb),0:08:30,J-2014.06.SP2.HF1.4045,0,PASS,878(Mb),0:05:10,	,	,	,	,3x1r6u1_psss_0.75v_-10c_ccst 3x1r6u1_psss_0.75v_-10c_nldm ,19,303.91,0.00,1054.32,0.00194444444444,J-2014.06-SP2,3x1r6u1_pfff_1.1v_-40c_ccst 3x1r6u1_pfff_1.1v_-40c_nldm ,19,65.80,0.00,44.57,0.00138888888889,J-2014.06-SP2,	,	,	,	,	,	,	,	,	,	,	,	,	,	,	,	,	,	,	,	
fdkex_run_ref,d04,2015-05-05 00:46:15.518471,synopsys,	,	,	,	,	,	,	,	,	,	,	,	,	,	,	,	,	,	,	,	,	,	,	,	,	,	,	,	,	,	,	,	,	,	,	,	,	,	,	,	,	,	,PASS,1190(Mb),0:09:04,570681,1164(Mb),0:04:52,11264283,1051(Mb),0:17:16,J-2014.06.SP2.HF1.4045,11834964,PASS,1211(Mb),0:05:22,	,	,	,	,3x1r6u1_psss_0.75v_-10c_ccst 3x1r6u1_psss_0.75v_-10c_nldm ,32619,830.56,-9082.22,-83.39,0.0913888888889,J-2014.06-SP2,3x1r6u1_pfff_1.1v_-40c_ccst 3x1r6u1_pfff_1.1v_-40c_nldm ,32619,221.38,-9558.48,-34.94,0.0916666666667,J-2014.06-SP2,3x1r6u1_tttt_1.1v_90c_ccst_pwr_pincap 3x1r6u1_tttt_1.1v_90c_nldm_pwr_pincap ,0.0287,9.224,0.00805555555556,0.0196,0.0575,3x1r6u1_pfff_0.88v_110c_ccsn 3x1r6u1_pfff_0.88v_110c_nldm ,32619,310,	,0.00444444444444,J-2014.06-SP2,	,	,	,	,	,	,	,	
mult_1bit_ECO_TYPE1,d04,2015-05-05 00:51:19.472863,synopsys,12,	,	,205.387,0.000,0.000,0.000,1103.011,289.134,0,	,0,3x1r6u1_psss_0.75v_-10c_ccst ,J-2014.09,19,0,	,4311(MB),	,	,	,	,	,	,247.23,0.00,0.00,0.00,1064.35,	,	,234.93,0.15527,1,	,1,3x1r6u1_psss_0.75v_-10c_ccst 3x1r6u1_pfff_1.1v_-40c_ccst 3x1r6u1_psss_0.75v_-10c_nldm ,J-2014.09-SP1,0.31% ,	,PASS,907(Mb),0:05:32,25 (NB),683(Mb),0:04:16,PASS,980(Mb),0:06:53,J-2014.06.SP2.HF1.4045,0,PASS,712(Mb),0:04:29,	,	,	,	,	,	,	,	,	,	,	,	,	,	,	,	,	,	,	,	,	,	,	,	,	,	,	,	,	,	,	,	,	,	,	,	,	,	
mult_1bit_ECO_TYPE2,d04,2015-05-05 00:56:22.219135,synopsys,12,	,	,205.387,0.000,0.000,0.000,1103.011,286.546,0,	,0,3x1r6u1_psss_0.75v_-10c_ccst ,J-2014.09,19,0,	,4304(MB),	,	,	,	,	,	,247.23,0.00,0.00,0.00,1064.35,	,	,226.90,0.15527,1,	,1,3x1r6u1_psss_0.75v_-10c_ccst 3x1r6u1_pfff_1.1v_-40c_ccst 3x1r6u1_psss_0.75v_-10c_nldm ,J-2014.09-SP1,0.31% ,	,PASS,910(Mb),0:05:59,25 (NB),676(Mb),0:04:24,PASS,1070(Mb),0:09:16,J-2014.06.SP2.HF1.4045,0,PASS,870(Mb),0:06:59,	,	,	,	,	,	,	,	,	,	,	,	,	,	,	,	,	,	,	,	,	,	,	,	,	,	,	,	,	,	,	,	,	,	,	,	,	,	
mult_1bit_ZROUTE_VIA_DBL,d04,2015-05-05 01:01:10.174927,synopsys,12,	,	,205.387,0.000,0.000,0.000,1103.011,471.261,0,	,0,3x1r6u1_psss_0.75v_-10c_ccst ,J-2014.09,17,0,	,3759(MB),	,	,	,	,	,	,247.17,0.00,0.00,0.00,1064.41,	,	,311.31,0.15527,0,	,0,3x1r6u1_psss_0.75v_-10c_ccst 3x1r6u1_pfff_1.1v_-40c_ccst 3x1r6u1_psss_0.75v_-10c_nldm ,J-2014.09-SP1,0.30% ,	,PASS,975(Mb),0:03:34,25 (NB),745(Mb),0:02:20,PASS,1070(Mb),0:05:15,J-2014.06.SP2.HF1.4045,0,PASS,924(Mb),0:03:19,	,	,	,	,	,	,	,	,	,	,	,	,	,	,	,	,	,	,	,	,	,	,	,	,	,	,	,	,	,	,	,	,	,	,	,	,	,	
tensilica_D_106micro,d04,2015-05-05 01:09:41.482053,synopsys,27804,	,	,691.768,-102438.633,-232.050,-120.288,-34.406,1391.835,0,	,0,3x1r6u1_psss_0.75v_-10c_ccst ,J-2014.09,39650,152,	,6021(MB),	,	,	,	,	,	,922.66,0.00,-38.37,0.00,-22.45,	,	,4051.60,35.35017,0,	,4,3x1r6u1_psss_0.75v_-10c_ccst 3x1r6u1_pfff_1.1v_-40c_ccst 3x1r6u1_psss_0.75v_-10c_nldm ,J-2014.09-SP1,35.14% ,	,0 (NB),2664(Mb),0:10:23,238 (NB),2663(Mb),0:03:16,16 (NB),2663(Mb),0:22:07,J-2014.06.SP2.HF1.4045,0,PASS,2668(Mb),0:04:44,	,	,	,	,3x1r6u1_psss_0.75v_-10c_ccst 3x1r6u1_psss_0.75v_-10c_nldm ,39666,1279.25,-2382.78,-69.89,0.0933333333333,J-2014.06-SP2,3x1r6u1_pfff_1.1v_-40c_ccst 3x1r6u1_pfff_1.1v_-40c_nldm ,39666,145.91,0.00,8.70,0.0925,J-2014.06-SP2,3x1r6u1_tttt_1.1v_90c_ccst_pwr_pincap 3x1r6u1_tttt_1.1v_90c_nldm_pwr_pincap ,0.0146,4.299,0.00833333333333,8.903,0.0278,3x1r6u1_pfff_0.88v_110c_ccsn 3x1r6u1_pfff_0.88v_110c_nldm ,39666,1,	,134,0.00972222222222,J-2014.06-SP2,	,	,	,	,	,	,	,	
mult_1bit_rectilinear_tall,df0,2015-05-05 01:15:48.084710,synopsys,12,	,	,234.790,-875.199,0.000,-318.096,498.776,407.401,0,	,0,3x1r6u1_psss_0.75v_-10c_ccst ,J-2014.09,1329,0,	,2695(MB),	,	,	,	,	,	,877.09,-713.80,0.00,-250.28,7.97,	,	,189.92,0.35474,0,	,0,3x1r6u1_psss_0.75v_-10c_ccst 3x1r6u1_pfff_1.1v_-40c_ccst 3x1r6u1_psss_0.75v_-10c_nldm ,J-2014.09-SP1,86.98% ,	,PASS,956(Mb),0:02:57,13,628(Mb),0:02:11,12,1075(Mb),0:04:01,J-2014.06.SP2.HF1.4045,25,PASS,916(Mb),0:02:33,	,	,	,	,	,	,	,	,	,	,	,	,	,	,	,	,	,	,	,	,	,	,	,	,	,	,	,	,	,	,	,	,	,	,	,	,	,	
mult_1bit_default_tall,df0,2015-05-05 01:22:02.500147,synopsys,12,	,	,234.790,-875.199,0.000,-318.096,498.776,262.260,0,	,0,3x1r6u1_psss_0.75v_-10c_ccst ,J-2014.09,2774,2,	,2735(MB),	,	,	,	,	,	,891.75,-692.80,-12.32,-259.84,-6.54,	,	,504.06,0.60359,0,	,0,3x1r6u1_psss_0.75v_-10c_ccst 3x1r6u1_pfff_1.1v_-40c_ccst 3x1r6u1_psss_0.75v_-10c_nldm ,J-2014.09-SP1,91.47% ,	,PASS,920(Mb),0:12:23,41 (NB),720(Mb),0:10:07,0 (NB),1052(Mb),0:18:16,J-2014.06.SP2.HF1.4045,0,PASS,895(Mb),0:18:44,	,	,	,	,	,	,	,	,	,	,	,	,	,	,	,	,	,	,	,	,	,	,	,	,	,	,	,	,	,	,	,	,	,	,	,	,	,	
mult_1bit_spareCell_tall,df0,2015-05-05 01:28:01.813075,synopsys,12,	,	,234.790,-875.199,0.000,-318.096,498.776,255.844,0,	,0,3x1r6u1_psss_0.75v_-10c_ccst ,J-2014.09,1560,2,	,2705(MB),	,	,	,	,	,	,883.46,-713.74,0.00,-249.98,2.93,	,	,451.52,0.13361,0,	,0,3x1r6u1_psss_0.75v_-10c_ccst 3x1r6u1_pfff_1.1v_-40c_ccst 3x1r6u1_psss_0.75v_-10c_nldm ,J-2014.09-SP1,89.69% ,	,PASS,909(Mb),0:06:13,16 (NB),656(Mb),0:05:08,0 (NB),1003(Mb),0:07:36,J-2014.06.SP2.HF1.4045,0,PASS,659(Mb),0:05:13,	,	,	,	,	,	,	,	,	,	,	,	,	,	,	,	,	,	,	,	,	,	,	,	,	,	,	,	,	,	,	,	,	,	,	,	,	,	
mult_1bit_focalopt_tall,df0,2015-05-05 01:34:51.714061,synopsys,12,	,	,234.790,-875.199,0.000,-318.096,498.776,415.874,0,	,0,3x1r6u1_psss_0.75v_-10c_ccst ,J-2014.09,2769,2,	,2396(MB),	,	,	,	,	,	,904.55,-665.61,-20.20,-245.72,-20.20,	,	,213.21,0.60359,0,	,0,3x1r6u1_psss_0.75v_-10c_ccst 3x1r6u1_pfff_1.1v_-40c_ccst 3x1r6u1_psss_0.75v_-10c_nldm ,J-2014.09-SP1,91.45% ,	,PASS,947(Mb),0:03:36,41 (NB),756(Mb),0:02:48,0 (NB),1097(Mb),0:05:02,J-2014.06.SP2.HF1.4045,0,PASS,873(Mb),0:02:55,	,	,	,	,3x1r6u1_psss_0.75v_-10c_ccst 3x1r6u1_psss_0.75v_-10c_nldm ,2770,970.71,-0.78,-0.78,0.0075,J-2014.06-SP2,3x1r6u1_pfff_1.2v_-40c_ccst 3x1r6u1_pfff_1.2v_-40c_nldm ,2770,241.63,-812.74,-289.25,0.00861111111111,J-2014.06-SP2,3x1r6u1_tttt_0.84v_70c_ccst_pwr_pincap 3x1r6u1_tttt_0.84v_70c_nldm_pwr_pincap ,4.135,1.631,0.000555555555556,1.834,6.132,3x1r6u1_pfff_0.88v_110c_ccsn 3x1r6u1_pfff_0.88v_110c_nldm ,2770,	,	,0.000277777777778,J-2014.06-SP2,	,	,	,	,	,	,	,	
mult_1bit_spg_tall,df0,2015-05-05 01:42:15.382423,synopsys,12,	,	,310.197,0.000,0.000,0.000,905.151,325.192,0,	,0,3x1r6u1_psss_0.75v_-10c_ccst ,J-2014.09,2760,2,	,2710(MB),	,	,	,	,	,	,258.61,0.00,0.00,0.00,983.88,	,	,175.39,0.35675,0,	,0,3x1r6u1_psss_0.75v_-10c_ccst 3x1r6u1_pfff_1.1v_-40c_ccst 3x1r6u1_psss_0.75v_-10c_nldm ,J-2014.09-SP1,91.34% ,	,PASS,913(Mb),0:10:04,41 (NB),686(Mb),0:08:22,0 (NB),1009(Mb),0:14:04,J-2014.06.SP2.HF1.4045,0,PASS,903(Mb),0:07:52,	,	,	,	,	,	,	,	,	,	,	,	,	,	,	,	,	,	,	,	,	,	,	,	,	,	,	,	,	,	,	,	,	,	,	,	,	,	
